,images,labels
0,org/openml/www/datasets/44274/TEX_ALOT_Micro/images/200_c3l8.png,13
1,org/openml/www/datasets/44274/TEX_ALOT_Micro/images/146_c2l5r60.png,9
2,org/openml/www/datasets/44274/TEX_ALOT_Micro/images/146_c2l2r120.png,9
3,org/openml/www/datasets/44274/TEX_ALOT_Micro/images/169_c4l3r120.png,14
4,org/openml/www/datasets/44274/TEX_ALOT_Micro/images/110_c3l8.png,12
5,org/openml/www/datasets/44274/TEX_ALOT_Micro/images/31_c4l5r60.png,5
6,org/openml/www/datasets/44274/TEX_ALOT_Micro/images/160_c4l2.png,7
7,org/openml/www/datasets/44274/TEX_ALOT_Micro/images/160_c3l1r60.png,7
8,org/openml/www/datasets/44274/TEX_ALOT_Micro/images/108_c3l4r60.png,6
9,org/openml/www/datasets/44274/TEX_ALOT_Micro/images/2_c3l5r60.png,11
10,org/openml/www/datasets/44274/TEX_ALOT_Micro/images/31_c4i.png,5
11,org/openml/www/datasets/44274/TEX_ALOT_Micro/images/97_c1l1r120.png,0
12,org/openml/www/datasets/44274/TEX_ALOT_Micro/images/169_c2l3r180.png,14
13,org/openml/www/datasets/44274/TEX_ALOT_Micro/images/176_c4l3.png,18
14,org/openml/www/datasets/44274/TEX_ALOT_Micro/images/110_c2l8r180.png,12
15,org/openml/www/datasets/44274/TEX_ALOT_Micro/images/25_c2l5.png,2
16,org/openml/www/datasets/44274/TEX_ALOT_Micro/images/160_c1l4r120.png,7
17,org/openml/www/datasets/44274/TEX_ALOT_Micro/images/31_c4l3.png,5
18,org/openml/www/datasets/44274/TEX_ALOT_Micro/images/169_c4l2r120.png,14
19,org/openml/www/datasets/44274/TEX_ALOT_Micro/images/20_c2l3.png,17
20,org/openml/www/datasets/44274/TEX_ALOT_Micro/images/9_c1l2.png,19
21,org/openml/www/datasets/44274/TEX_ALOT_Micro/images/101_c3l3r180.png,1
22,org/openml/www/datasets/44274/TEX_ALOT_Micro/images/110_c1l8r120.png,12
23,org/openml/www/datasets/44274/TEX_ALOT_Micro/images/21_c4l3r180.png,15
24,org/openml/www/datasets/44274/TEX_ALOT_Micro/images/21_c1l3r60.png,15
25,org/openml/www/datasets/44274/TEX_ALOT_Micro/images/220_c4l1r180.png,8
26,org/openml/www/datasets/44274/TEX_ALOT_Micro/images/110_c1l5r60.png,12
27,org/openml/www/datasets/44274/TEX_ALOT_Micro/images/146_c3l8r60.png,9
28,org/openml/www/datasets/44274/TEX_ALOT_Micro/images/176_c2l8r120.png,18
29,org/openml/www/datasets/44274/TEX_ALOT_Micro/images/220_c3l8r60.png,8
30,org/openml/www/datasets/44274/TEX_ALOT_Micro/images/9_c4l2r180.png,19
31,org/openml/www/datasets/44274/TEX_ALOT_Micro/images/110_c1l5r180.png,12
32,org/openml/www/datasets/44274/TEX_ALOT_Micro/images/31_c1l4r60.png,5
33,org/openml/www/datasets/44274/TEX_ALOT_Micro/images/176_c1l4r120.png,18
34,org/openml/www/datasets/44274/TEX_ALOT_Micro/images/220_c2l5.png,8
35,org/openml/www/datasets/44274/TEX_ALOT_Micro/images/61_c3l4.png,4
36,org/openml/www/datasets/44274/TEX_ALOT_Micro/images/169_c1l4r120.png,14
37,org/openml/www/datasets/44274/TEX_ALOT_Micro/images/21_c4l2r60.png,15
38,org/openml/www/datasets/44274/TEX_ALOT_Micro/images/97_c2l5r120.png,0
39,org/openml/www/datasets/44274/TEX_ALOT_Micro/images/2_c4l5r180.png,11
40,org/openml/www/datasets/44274/TEX_ALOT_Micro/images/215_c4l3r120.png,3
41,org/openml/www/datasets/44274/TEX_ALOT_Micro/images/20_c4l5r180.png,17
42,org/openml/www/datasets/44274/TEX_ALOT_Micro/images/169_c3l8r180.png,14
43,org/openml/www/datasets/44274/TEX_ALOT_Micro/images/146_c4l4r60.png,9
44,org/openml/www/datasets/44274/TEX_ALOT_Micro/images/61_c3l8r120.png,4
45,org/openml/www/datasets/44274/TEX_ALOT_Micro/images/110_c1l2r60.png,12
46,org/openml/www/datasets/44274/TEX_ALOT_Micro/images/21_c3l5.png,15
47,org/openml/www/datasets/44274/TEX_ALOT_Micro/images/2_c1l8r180.png,11
48,org/openml/www/datasets/44274/TEX_ALOT_Micro/images/131_c3l2r60.png,10
49,org/openml/www/datasets/44274/TEX_ALOT_Micro/images/220_c2l4.png,8
50,org/openml/www/datasets/44274/TEX_ALOT_Micro/images/97_c2i.png,0
51,org/openml/www/datasets/44274/TEX_ALOT_Micro/images/202_c4l8r180.png,16
52,org/openml/www/datasets/44274/TEX_ALOT_Micro/images/25_c4l5r120.png,2
53,org/openml/www/datasets/44274/TEX_ALOT_Micro/images/97_c4l4r180.png,0
54,org/openml/www/datasets/44274/TEX_ALOT_Micro/images/108_c2l5.png,6
55,org/openml/www/datasets/44274/TEX_ALOT_Micro/images/61_c1l4r180.png,4
56,org/openml/www/datasets/44274/TEX_ALOT_Micro/images/131_c3l3.png,10
57,org/openml/www/datasets/44274/TEX_ALOT_Micro/images/108_c1l2r180.png,6
58,org/openml/www/datasets/44274/TEX_ALOT_Micro/images/101_c1l4r60.png,1
59,org/openml/www/datasets/44274/TEX_ALOT_Micro/images/215_c2l1r60.png,3
60,org/openml/www/datasets/44274/TEX_ALOT_Micro/images/31_c2l5.png,5
61,org/openml/www/datasets/44274/TEX_ALOT_Micro/images/176_c2l5r120.png,18
62,org/openml/www/datasets/44274/TEX_ALOT_Micro/images/31_c3l8.png,5
63,org/openml/www/datasets/44274/TEX_ALOT_Micro/images/215_c3l2r180.png,3
64,org/openml/www/datasets/44274/TEX_ALOT_Micro/images/108_c4l3.png,6
65,org/openml/www/datasets/44274/TEX_ALOT_Micro/images/25_c4l2r60.png,2
66,org/openml/www/datasets/44274/TEX_ALOT_Micro/images/200_c1l2.png,13
67,org/openml/www/datasets/44274/TEX_ALOT_Micro/images/146_c2l3r60.png,9
68,org/openml/www/datasets/44274/TEX_ALOT_Micro/images/97_c3l2r120.png,0
69,org/openml/www/datasets/44274/TEX_ALOT_Micro/images/21_c4l3.png,15
70,org/openml/www/datasets/44274/TEX_ALOT_Micro/images/146_c4l4r180.png,9
71,org/openml/www/datasets/44274/TEX_ALOT_Micro/images/108_c4l5r180.png,6
72,org/openml/www/datasets/44274/TEX_ALOT_Micro/images/21_c2l5.png,15
73,org/openml/www/datasets/44274/TEX_ALOT_Micro/images/25_c2l3r120.png,2
74,org/openml/www/datasets/44274/TEX_ALOT_Micro/images/176_c3l1.png,18
75,org/openml/www/datasets/44274/TEX_ALOT_Micro/images/215_c1l4r60.png,3
76,org/openml/www/datasets/44274/TEX_ALOT_Micro/images/25_c4l5r60.png,2
77,org/openml/www/datasets/44274/TEX_ALOT_Micro/images/108_c3l1r60.png,6
78,org/openml/www/datasets/44274/TEX_ALOT_Micro/images/215_c3i.png,3
79,org/openml/www/datasets/44274/TEX_ALOT_Micro/images/97_c2l2.png,0
80,org/openml/www/datasets/44274/TEX_ALOT_Micro/images/215_c3l2r60.png,3
81,org/openml/www/datasets/44274/TEX_ALOT_Micro/images/220_c1l4.png,8
82,org/openml/www/datasets/44274/TEX_ALOT_Micro/images/169_c4l5r180.png,14
83,org/openml/www/datasets/44274/TEX_ALOT_Micro/images/101_c2l5.png,1
84,org/openml/www/datasets/44274/TEX_ALOT_Micro/images/2_c1l2r60.png,11
85,org/openml/www/datasets/44274/TEX_ALOT_Micro/images/202_c4l3.png,16
86,org/openml/www/datasets/44274/TEX_ALOT_Micro/images/101_c1l2.png,1
87,org/openml/www/datasets/44274/TEX_ALOT_Micro/images/61_c2l1r120.png,4
88,org/openml/www/datasets/44274/TEX_ALOT_Micro/images/101_c1l3r60.png,1
89,org/openml/www/datasets/44274/TEX_ALOT_Micro/images/176_c2l5r180.png,18
90,org/openml/www/datasets/44274/TEX_ALOT_Micro/images/110_c1l1r180.png,12
91,org/openml/www/datasets/44274/TEX_ALOT_Micro/images/97_c3l1r120.png,0
92,org/openml/www/datasets/44274/TEX_ALOT_Micro/images/215_c4l5r180.png,3
93,org/openml/www/datasets/44274/TEX_ALOT_Micro/images/169_c3l8r60.png,14
94,org/openml/www/datasets/44274/TEX_ALOT_Micro/images/20_c3l4r60.png,17
95,org/openml/www/datasets/44274/TEX_ALOT_Micro/images/160_c3l3r120.png,7
96,org/openml/www/datasets/44274/TEX_ALOT_Micro/images/110_c1l8r180.png,12
97,org/openml/www/datasets/44274/TEX_ALOT_Micro/images/2_c2l4r120.png,11
98,org/openml/www/datasets/44274/TEX_ALOT_Micro/images/101_c2l3.png,1
99,org/openml/www/datasets/44274/TEX_ALOT_Micro/images/2_c3l3r120.png,11
100,org/openml/www/datasets/44274/TEX_ALOT_Micro/images/21_c3l4.png,15
101,org/openml/www/datasets/44274/TEX_ALOT_Micro/images/200_c3l1.png,13
102,org/openml/www/datasets/44274/TEX_ALOT_Micro/images/9_c2l2r180.png,19
103,org/openml/www/datasets/44274/TEX_ALOT_Micro/images/202_c2l1r120.png,16
104,org/openml/www/datasets/44274/TEX_ALOT_Micro/images/97_c2l4.png,0
105,org/openml/www/datasets/44274/TEX_ALOT_Micro/images/61_c1l8r120.png,4
106,org/openml/www/datasets/44274/TEX_ALOT_Micro/images/9_c1l2r60.png,19
107,org/openml/www/datasets/44274/TEX_ALOT_Micro/images/160_c2l8r60.png,7
108,org/openml/www/datasets/44274/TEX_ALOT_Micro/images/176_c4l8r60.png,18
109,org/openml/www/datasets/44274/TEX_ALOT_Micro/images/101_c2l4r120.png,1
110,org/openml/www/datasets/44274/TEX_ALOT_Micro/images/25_c4l1r120.png,2
111,org/openml/www/datasets/44274/TEX_ALOT_Micro/images/131_c4l4.png,10
112,org/openml/www/datasets/44274/TEX_ALOT_Micro/images/31_c3l1r120.png,5
113,org/openml/www/datasets/44274/TEX_ALOT_Micro/images/202_c2l4r120.png,16
114,org/openml/www/datasets/44274/TEX_ALOT_Micro/images/9_c1l8.png,19
115,org/openml/www/datasets/44274/TEX_ALOT_Micro/images/108_c2l8r180.png,6
116,org/openml/www/datasets/44274/TEX_ALOT_Micro/images/215_c1l3r60.png,3
117,org/openml/www/datasets/44274/TEX_ALOT_Micro/images/31_c1l8r120.png,5
118,org/openml/www/datasets/44274/TEX_ALOT_Micro/images/215_c2l3r180.png,3
119,org/openml/www/datasets/44274/TEX_ALOT_Micro/images/220_c2l1.png,8
120,org/openml/www/datasets/44274/TEX_ALOT_Micro/images/21_c1l2r60.png,15
121,org/openml/www/datasets/44274/TEX_ALOT_Micro/images/97_c3l5r60.png,0
122,org/openml/www/datasets/44274/TEX_ALOT_Micro/images/9_c4l4r180.png,19
123,org/openml/www/datasets/44274/TEX_ALOT_Micro/images/220_c2l3.png,8
124,org/openml/www/datasets/44274/TEX_ALOT_Micro/images/9_c4l3r120.png,19
125,org/openml/www/datasets/44274/TEX_ALOT_Micro/images/131_c3l2r120.png,10
126,org/openml/www/datasets/44274/TEX_ALOT_Micro/images/21_c1l8r120.png,15
127,org/openml/www/datasets/44274/TEX_ALOT_Micro/images/9_c2l1r180.png,19
128,org/openml/www/datasets/44274/TEX_ALOT_Micro/images/21_c3l8r60.png,15
129,org/openml/www/datasets/44274/TEX_ALOT_Micro/images/108_c2i.png,6
130,org/openml/www/datasets/44274/TEX_ALOT_Micro/images/176_c4l4r60.png,18
131,org/openml/www/datasets/44274/TEX_ALOT_Micro/images/108_c4l8.png,6
132,org/openml/www/datasets/44274/TEX_ALOT_Micro/images/202_c2l4r60.png,16
133,org/openml/www/datasets/44274/TEX_ALOT_Micro/images/146_c2l5r180.png,9
134,org/openml/www/datasets/44274/TEX_ALOT_Micro/images/21_c3l5r60.png,15
135,org/openml/www/datasets/44274/TEX_ALOT_Micro/images/2_c1l5r120.png,11
136,org/openml/www/datasets/44274/TEX_ALOT_Micro/images/200_c3l1r60.png,13
137,org/openml/www/datasets/44274/TEX_ALOT_Micro/images/31_c3l4r120.png,5
138,org/openml/www/datasets/44274/TEX_ALOT_Micro/images/110_c3l5r180.png,12
139,org/openml/www/datasets/44274/TEX_ALOT_Micro/images/160_c2l2r180.png,7
140,org/openml/www/datasets/44274/TEX_ALOT_Micro/images/169_c1l5r60.png,14
141,org/openml/www/datasets/44274/TEX_ALOT_Micro/images/61_c2l3r60.png,4
142,org/openml/www/datasets/44274/TEX_ALOT_Micro/images/25_c1l5r120.png,2
143,org/openml/www/datasets/44274/TEX_ALOT_Micro/images/131_c1l2.png,10
144,org/openml/www/datasets/44274/TEX_ALOT_Micro/images/61_c2l4r120.png,4
145,org/openml/www/datasets/44274/TEX_ALOT_Micro/images/101_c2l5r120.png,1
146,org/openml/www/datasets/44274/TEX_ALOT_Micro/images/110_c4l3r180.png,12
147,org/openml/www/datasets/44274/TEX_ALOT_Micro/images/2_c1l3r180.png,11
148,org/openml/www/datasets/44274/TEX_ALOT_Micro/images/108_c4l5r120.png,6
149,org/openml/www/datasets/44274/TEX_ALOT_Micro/images/202_c3l2r120.png,16
150,org/openml/www/datasets/44274/TEX_ALOT_Micro/images/160_c3l5r120.png,7
151,org/openml/www/datasets/44274/TEX_ALOT_Micro/images/131_c1l5r180.png,10
152,org/openml/www/datasets/44274/TEX_ALOT_Micro/images/176_c3l4.png,18
153,org/openml/www/datasets/44274/TEX_ALOT_Micro/images/160_c2l1.png,7
154,org/openml/www/datasets/44274/TEX_ALOT_Micro/images/131_c2l3r180.png,10
155,org/openml/www/datasets/44274/TEX_ALOT_Micro/images/61_c1l2.png,4
156,org/openml/www/datasets/44274/TEX_ALOT_Micro/images/9_c2l5r120.png,19
157,org/openml/www/datasets/44274/TEX_ALOT_Micro/images/215_c3l3.png,3
158,org/openml/www/datasets/44274/TEX_ALOT_Micro/images/110_c3l2r120.png,12
159,org/openml/www/datasets/44274/TEX_ALOT_Micro/images/2_c1l8r120.png,11
160,org/openml/www/datasets/44274/TEX_ALOT_Micro/images/202_c3l1r180.png,16
161,org/openml/www/datasets/44274/TEX_ALOT_Micro/images/176_c4l2.png,18
162,org/openml/www/datasets/44274/TEX_ALOT_Micro/images/25_c4l1r60.png,2
163,org/openml/www/datasets/44274/TEX_ALOT_Micro/images/108_c3l3r60.png,6
164,org/openml/www/datasets/44274/TEX_ALOT_Micro/images/202_c3l8r180.png,16
165,org/openml/www/datasets/44274/TEX_ALOT_Micro/images/160_c3l8r120.png,7
166,org/openml/www/datasets/44274/TEX_ALOT_Micro/images/202_c3l8r60.png,16
167,org/openml/www/datasets/44274/TEX_ALOT_Micro/images/101_c2l8.png,1
168,org/openml/www/datasets/44274/TEX_ALOT_Micro/images/101_c2l4.png,1
169,org/openml/www/datasets/44274/TEX_ALOT_Micro/images/108_c1l8r60.png,6
170,org/openml/www/datasets/44274/TEX_ALOT_Micro/images/200_c3l2r60.png,13
171,org/openml/www/datasets/44274/TEX_ALOT_Micro/images/61_c1l8r60.png,4
172,org/openml/www/datasets/44274/TEX_ALOT_Micro/images/176_c1l8r120.png,18
173,org/openml/www/datasets/44274/TEX_ALOT_Micro/images/31_c2l5r120.png,5
174,org/openml/www/datasets/44274/TEX_ALOT_Micro/images/20_c3l8.png,17
175,org/openml/www/datasets/44274/TEX_ALOT_Micro/images/20_c2l3r60.png,17
176,org/openml/www/datasets/44274/TEX_ALOT_Micro/images/110_c1l5r120.png,12
177,org/openml/www/datasets/44274/TEX_ALOT_Micro/images/110_c2l1.png,12
178,org/openml/www/datasets/44274/TEX_ALOT_Micro/images/146_c3l2r120.png,9
179,org/openml/www/datasets/44274/TEX_ALOT_Micro/images/97_c1i.png,0
180,org/openml/www/datasets/44274/TEX_ALOT_Micro/images/169_c1l8r180.png,14
181,org/openml/www/datasets/44274/TEX_ALOT_Micro/images/220_c4l2r180.png,8
182,org/openml/www/datasets/44274/TEX_ALOT_Micro/images/31_c4l8r60.png,5
183,org/openml/www/datasets/44274/TEX_ALOT_Micro/images/131_c3l8r180.png,10
184,org/openml/www/datasets/44274/TEX_ALOT_Micro/images/220_c1l3r120.png,8
185,org/openml/www/datasets/44274/TEX_ALOT_Micro/images/215_c3l1r60.png,3
186,org/openml/www/datasets/44274/TEX_ALOT_Micro/images/2_c4l8r60.png,11
187,org/openml/www/datasets/44274/TEX_ALOT_Micro/images/25_c2l4r180.png,2
188,org/openml/www/datasets/44274/TEX_ALOT_Micro/images/61_c1l5r120.png,4
189,org/openml/www/datasets/44274/TEX_ALOT_Micro/images/220_c3l2.png,8
190,org/openml/www/datasets/44274/TEX_ALOT_Micro/images/97_c3l2r60.png,0
191,org/openml/www/datasets/44274/TEX_ALOT_Micro/images/176_c3l3r60.png,18
192,org/openml/www/datasets/44274/TEX_ALOT_Micro/images/21_c2l4r120.png,15
193,org/openml/www/datasets/44274/TEX_ALOT_Micro/images/176_c2l1r120.png,18
194,org/openml/www/datasets/44274/TEX_ALOT_Micro/images/220_c1l3r180.png,8
195,org/openml/www/datasets/44274/TEX_ALOT_Micro/images/220_c2l8r180.png,8
196,org/openml/www/datasets/44274/TEX_ALOT_Micro/images/200_c1l5r60.png,13
197,org/openml/www/datasets/44274/TEX_ALOT_Micro/images/20_c2l5r120.png,17
198,org/openml/www/datasets/44274/TEX_ALOT_Micro/images/9_c2l3.png,19
199,org/openml/www/datasets/44274/TEX_ALOT_Micro/images/31_c2l4r60.png,5
200,org/openml/www/datasets/44274/TEX_ALOT_Micro/images/97_c1l5.png,0
201,org/openml/www/datasets/44274/TEX_ALOT_Micro/images/21_c2l4r180.png,15
202,org/openml/www/datasets/44274/TEX_ALOT_Micro/images/31_c4l1r60.png,5
203,org/openml/www/datasets/44274/TEX_ALOT_Micro/images/97_c3l4r60.png,0
204,org/openml/www/datasets/44274/TEX_ALOT_Micro/images/31_c3l3r120.png,5
205,org/openml/www/datasets/44274/TEX_ALOT_Micro/images/2_c4l1r120.png,11
206,org/openml/www/datasets/44274/TEX_ALOT_Micro/images/215_c4l1r60.png,3
207,org/openml/www/datasets/44274/TEX_ALOT_Micro/images/200_c1l4r120.png,13
208,org/openml/www/datasets/44274/TEX_ALOT_Micro/images/31_c4l2r60.png,5
209,org/openml/www/datasets/44274/TEX_ALOT_Micro/images/146_c3l5r60.png,9
210,org/openml/www/datasets/44274/TEX_ALOT_Micro/images/220_c1l5r180.png,8
211,org/openml/www/datasets/44274/TEX_ALOT_Micro/images/20_c4l2r180.png,17
212,org/openml/www/datasets/44274/TEX_ALOT_Micro/images/31_c2l1r180.png,5
213,org/openml/www/datasets/44274/TEX_ALOT_Micro/images/176_c1l3r120.png,18
214,org/openml/www/datasets/44274/TEX_ALOT_Micro/images/146_c3l3r180.png,9
215,org/openml/www/datasets/44274/TEX_ALOT_Micro/images/110_c4l4r120.png,12
216,org/openml/www/datasets/44274/TEX_ALOT_Micro/images/202_c1l4r180.png,16
217,org/openml/www/datasets/44274/TEX_ALOT_Micro/images/200_c4l5r60.png,13
218,org/openml/www/datasets/44274/TEX_ALOT_Micro/images/2_c1l4r120.png,11
219,org/openml/www/datasets/44274/TEX_ALOT_Micro/images/21_c2l3r60.png,15
220,org/openml/www/datasets/44274/TEX_ALOT_Micro/images/97_c2l3.png,0
221,org/openml/www/datasets/44274/TEX_ALOT_Micro/images/108_c4l2r60.png,6
222,org/openml/www/datasets/44274/TEX_ALOT_Micro/images/25_c4l4.png,2
223,org/openml/www/datasets/44274/TEX_ALOT_Micro/images/215_c3l4r60.png,3
224,org/openml/www/datasets/44274/TEX_ALOT_Micro/images/2_c4l5r120.png,11
225,org/openml/www/datasets/44274/TEX_ALOT_Micro/images/160_c2l3r180.png,7
226,org/openml/www/datasets/44274/TEX_ALOT_Micro/images/101_c2i.png,1
227,org/openml/www/datasets/44274/TEX_ALOT_Micro/images/160_c4l4.png,7
228,org/openml/www/datasets/44274/TEX_ALOT_Micro/images/176_c1l2r180.png,18
229,org/openml/www/datasets/44274/TEX_ALOT_Micro/images/20_c3l1.png,17
230,org/openml/www/datasets/44274/TEX_ALOT_Micro/images/108_c1l4r180.png,6
231,org/openml/www/datasets/44274/TEX_ALOT_Micro/images/97_c2l8.png,0
232,org/openml/www/datasets/44274/TEX_ALOT_Micro/images/31_c3l8r60.png,5
233,org/openml/www/datasets/44274/TEX_ALOT_Micro/images/220_c4l2r60.png,8
234,org/openml/www/datasets/44274/TEX_ALOT_Micro/images/200_c2l4r60.png,13
235,org/openml/www/datasets/44274/TEX_ALOT_Micro/images/169_c1i.png,14
236,org/openml/www/datasets/44274/TEX_ALOT_Micro/images/2_c2l8r180.png,11
237,org/openml/www/datasets/44274/TEX_ALOT_Micro/images/2_c2l8r60.png,11
238,org/openml/www/datasets/44274/TEX_ALOT_Micro/images/61_c1l3.png,4
239,org/openml/www/datasets/44274/TEX_ALOT_Micro/images/160_c4l8r120.png,7
240,org/openml/www/datasets/44274/TEX_ALOT_Micro/images/101_c3l4r60.png,1
241,org/openml/www/datasets/44274/TEX_ALOT_Micro/images/25_c4l4r180.png,2
242,org/openml/www/datasets/44274/TEX_ALOT_Micro/images/169_c4l4r120.png,14
243,org/openml/www/datasets/44274/TEX_ALOT_Micro/images/200_c1l1r180.png,13
244,org/openml/www/datasets/44274/TEX_ALOT_Micro/images/110_c1l4r60.png,12
245,org/openml/www/datasets/44274/TEX_ALOT_Micro/images/31_c1l3r60.png,5
246,org/openml/www/datasets/44274/TEX_ALOT_Micro/images/146_c1l3.png,9
247,org/openml/www/datasets/44274/TEX_ALOT_Micro/images/202_c3l5r180.png,16
248,org/openml/www/datasets/44274/TEX_ALOT_Micro/images/215_c4l1.png,3
249,org/openml/www/datasets/44274/TEX_ALOT_Micro/images/61_c1l5r60.png,4
250,org/openml/www/datasets/44274/TEX_ALOT_Micro/images/61_c4l4.png,4
251,org/openml/www/datasets/44274/TEX_ALOT_Micro/images/21_c2l4.png,15
252,org/openml/www/datasets/44274/TEX_ALOT_Micro/images/108_c2l4r120.png,6
253,org/openml/www/datasets/44274/TEX_ALOT_Micro/images/176_c1l4r180.png,18
254,org/openml/www/datasets/44274/TEX_ALOT_Micro/images/20_c4l3r120.png,17
255,org/openml/www/datasets/44274/TEX_ALOT_Micro/images/9_c4l1r180.png,19
256,org/openml/www/datasets/44274/TEX_ALOT_Micro/images/200_c2l3r180.png,13
257,org/openml/www/datasets/44274/TEX_ALOT_Micro/images/215_c3l4r180.png,3
258,org/openml/www/datasets/44274/TEX_ALOT_Micro/images/169_c3l5.png,14
259,org/openml/www/datasets/44274/TEX_ALOT_Micro/images/101_c1l4r120.png,1
260,org/openml/www/datasets/44274/TEX_ALOT_Micro/images/202_c4l8r60.png,16
261,org/openml/www/datasets/44274/TEX_ALOT_Micro/images/25_c2l2r180.png,2
262,org/openml/www/datasets/44274/TEX_ALOT_Micro/images/2_c3l2r120.png,11
263,org/openml/www/datasets/44274/TEX_ALOT_Micro/images/146_c3l3r60.png,9
264,org/openml/www/datasets/44274/TEX_ALOT_Micro/images/215_c4l3.png,3
265,org/openml/www/datasets/44274/TEX_ALOT_Micro/images/61_c3l1r120.png,4
266,org/openml/www/datasets/44274/TEX_ALOT_Micro/images/202_c4l8.png,16
267,org/openml/www/datasets/44274/TEX_ALOT_Micro/images/176_c2l3r120.png,18
268,org/openml/www/datasets/44274/TEX_ALOT_Micro/images/146_c3l2r60.png,9
269,org/openml/www/datasets/44274/TEX_ALOT_Micro/images/21_c1i.png,15
270,org/openml/www/datasets/44274/TEX_ALOT_Micro/images/110_c4l8r60.png,12
271,org/openml/www/datasets/44274/TEX_ALOT_Micro/images/9_c4l2r60.png,19
272,org/openml/www/datasets/44274/TEX_ALOT_Micro/images/131_c1l4.png,10
273,org/openml/www/datasets/44274/TEX_ALOT_Micro/images/215_c1l2r180.png,3
274,org/openml/www/datasets/44274/TEX_ALOT_Micro/images/9_c1l5r180.png,19
275,org/openml/www/datasets/44274/TEX_ALOT_Micro/images/215_c3l3r60.png,3
276,org/openml/www/datasets/44274/TEX_ALOT_Micro/images/21_c1l3.png,15
277,org/openml/www/datasets/44274/TEX_ALOT_Micro/images/110_c2l8.png,12
278,org/openml/www/datasets/44274/TEX_ALOT_Micro/images/110_c4l2r120.png,12
279,org/openml/www/datasets/44274/TEX_ALOT_Micro/images/146_c4l2.png,9
280,org/openml/www/datasets/44274/TEX_ALOT_Micro/images/131_c2l1.png,10
281,org/openml/www/datasets/44274/TEX_ALOT_Micro/images/101_c2l3r60.png,1
282,org/openml/www/datasets/44274/TEX_ALOT_Micro/images/160_c1l2r180.png,7
283,org/openml/www/datasets/44274/TEX_ALOT_Micro/images/202_c1l5r60.png,16
284,org/openml/www/datasets/44274/TEX_ALOT_Micro/images/20_c1l1.png,17
285,org/openml/www/datasets/44274/TEX_ALOT_Micro/images/61_c3l1r60.png,4
286,org/openml/www/datasets/44274/TEX_ALOT_Micro/images/110_c1l2.png,12
287,org/openml/www/datasets/44274/TEX_ALOT_Micro/images/202_c2l1.png,16
288,org/openml/www/datasets/44274/TEX_ALOT_Micro/images/176_c1l5r180.png,18
289,org/openml/www/datasets/44274/TEX_ALOT_Micro/images/61_c3l5r180.png,4
290,org/openml/www/datasets/44274/TEX_ALOT_Micro/images/21_c4l8r120.png,15
291,org/openml/www/datasets/44274/TEX_ALOT_Micro/images/20_c2l1.png,17
292,org/openml/www/datasets/44274/TEX_ALOT_Micro/images/160_c3l8r60.png,7
293,org/openml/www/datasets/44274/TEX_ALOT_Micro/images/31_c4l1.png,5
294,org/openml/www/datasets/44274/TEX_ALOT_Micro/images/200_c3l3r180.png,13
295,org/openml/www/datasets/44274/TEX_ALOT_Micro/images/21_c2l2r120.png,15
296,org/openml/www/datasets/44274/TEX_ALOT_Micro/images/20_c3l2r120.png,17
297,org/openml/www/datasets/44274/TEX_ALOT_Micro/images/2_c1l2r120.png,11
298,org/openml/www/datasets/44274/TEX_ALOT_Micro/images/20_c3l3r120.png,17
299,org/openml/www/datasets/44274/TEX_ALOT_Micro/images/202_c1l8r120.png,16
300,org/openml/www/datasets/44274/TEX_ALOT_Micro/images/160_c1l2r60.png,7
301,org/openml/www/datasets/44274/TEX_ALOT_Micro/images/200_c1l5.png,13
302,org/openml/www/datasets/44274/TEX_ALOT_Micro/images/110_c4l2.png,12
303,org/openml/www/datasets/44274/TEX_ALOT_Micro/images/20_c4l1r60.png,17
304,org/openml/www/datasets/44274/TEX_ALOT_Micro/images/9_c3l5r120.png,19
305,org/openml/www/datasets/44274/TEX_ALOT_Micro/images/61_c1l3r180.png,4
306,org/openml/www/datasets/44274/TEX_ALOT_Micro/images/2_c2l5r60.png,11
307,org/openml/www/datasets/44274/TEX_ALOT_Micro/images/97_c4l2r120.png,0
308,org/openml/www/datasets/44274/TEX_ALOT_Micro/images/108_c4l1r60.png,6
309,org/openml/www/datasets/44274/TEX_ALOT_Micro/images/101_c3l8r180.png,1
310,org/openml/www/datasets/44274/TEX_ALOT_Micro/images/31_c4l8.png,5
311,org/openml/www/datasets/44274/TEX_ALOT_Micro/images/146_c4l8.png,9
312,org/openml/www/datasets/44274/TEX_ALOT_Micro/images/176_c4l4r180.png,18
313,org/openml/www/datasets/44274/TEX_ALOT_Micro/images/108_c1l3r120.png,6
314,org/openml/www/datasets/44274/TEX_ALOT_Micro/images/31_c4l1r120.png,5
315,org/openml/www/datasets/44274/TEX_ALOT_Micro/images/220_c2l3r120.png,8
316,org/openml/www/datasets/44274/TEX_ALOT_Micro/images/97_c3l1.png,0
317,org/openml/www/datasets/44274/TEX_ALOT_Micro/images/131_c3l4r180.png,10
318,org/openml/www/datasets/44274/TEX_ALOT_Micro/images/25_c4l8r180.png,2
319,org/openml/www/datasets/44274/TEX_ALOT_Micro/images/220_c4l1r60.png,8
320,org/openml/www/datasets/44274/TEX_ALOT_Micro/images/21_c4l5r60.png,15
321,org/openml/www/datasets/44274/TEX_ALOT_Micro/images/131_c4l2r180.png,10
322,org/openml/www/datasets/44274/TEX_ALOT_Micro/images/215_c2l4r120.png,3
323,org/openml/www/datasets/44274/TEX_ALOT_Micro/images/160_c4l8r60.png,7
324,org/openml/www/datasets/44274/TEX_ALOT_Micro/images/160_c4l1r120.png,7
325,org/openml/www/datasets/44274/TEX_ALOT_Micro/images/110_c1l4r180.png,12
326,org/openml/www/datasets/44274/TEX_ALOT_Micro/images/108_c1l5r120.png,6
327,org/openml/www/datasets/44274/TEX_ALOT_Micro/images/9_c4l1r60.png,19
328,org/openml/www/datasets/44274/TEX_ALOT_Micro/images/176_c3l3r120.png,18
329,org/openml/www/datasets/44274/TEX_ALOT_Micro/images/169_c3l3r60.png,14
330,org/openml/www/datasets/44274/TEX_ALOT_Micro/images/101_c4l8r120.png,1
331,org/openml/www/datasets/44274/TEX_ALOT_Micro/images/110_c3l1r60.png,12
332,org/openml/www/datasets/44274/TEX_ALOT_Micro/images/146_c1l8r180.png,9
333,org/openml/www/datasets/44274/TEX_ALOT_Micro/images/160_c2l5r120.png,7
334,org/openml/www/datasets/44274/TEX_ALOT_Micro/images/202_c4l2r120.png,16
335,org/openml/www/datasets/44274/TEX_ALOT_Micro/images/97_c4l8.png,0
336,org/openml/www/datasets/44274/TEX_ALOT_Micro/images/2_c4l8r120.png,11
337,org/openml/www/datasets/44274/TEX_ALOT_Micro/images/202_c3l3r120.png,16
338,org/openml/www/datasets/44274/TEX_ALOT_Micro/images/160_c2l2r60.png,7
339,org/openml/www/datasets/44274/TEX_ALOT_Micro/images/202_c1l3.png,16
340,org/openml/www/datasets/44274/TEX_ALOT_Micro/images/25_c1l1.png,2
341,org/openml/www/datasets/44274/TEX_ALOT_Micro/images/21_c3l8r180.png,15
342,org/openml/www/datasets/44274/TEX_ALOT_Micro/images/176_c3l1r180.png,18
343,org/openml/www/datasets/44274/TEX_ALOT_Micro/images/2_c4l4.png,11
344,org/openml/www/datasets/44274/TEX_ALOT_Micro/images/9_c4i.png,19
345,org/openml/www/datasets/44274/TEX_ALOT_Micro/images/220_c2l2r120.png,8
346,org/openml/www/datasets/44274/TEX_ALOT_Micro/images/110_c3l4r120.png,12
347,org/openml/www/datasets/44274/TEX_ALOT_Micro/images/20_c1l3r180.png,17
348,org/openml/www/datasets/44274/TEX_ALOT_Micro/images/97_c1l3r120.png,0
349,org/openml/www/datasets/44274/TEX_ALOT_Micro/images/20_c3l3r180.png,17
350,org/openml/www/datasets/44274/TEX_ALOT_Micro/images/61_c1l8.png,4
351,org/openml/www/datasets/44274/TEX_ALOT_Micro/images/31_c4l5r180.png,5
352,org/openml/www/datasets/44274/TEX_ALOT_Micro/images/200_c3l2.png,13
353,org/openml/www/datasets/44274/TEX_ALOT_Micro/images/160_c2l8r120.png,7
354,org/openml/www/datasets/44274/TEX_ALOT_Micro/images/215_c1l1r120.png,3
355,org/openml/www/datasets/44274/TEX_ALOT_Micro/images/215_c2l2r180.png,3
356,org/openml/www/datasets/44274/TEX_ALOT_Micro/images/2_c3l4r60.png,11
357,org/openml/www/datasets/44274/TEX_ALOT_Micro/images/61_c3l1r180.png,4
358,org/openml/www/datasets/44274/TEX_ALOT_Micro/images/110_c2l1r60.png,12
359,org/openml/www/datasets/44274/TEX_ALOT_Micro/images/25_c3l2r120.png,2
360,org/openml/www/datasets/44274/TEX_ALOT_Micro/images/25_c4l8.png,2
361,org/openml/www/datasets/44274/TEX_ALOT_Micro/images/202_c1l4r120.png,16
362,org/openml/www/datasets/44274/TEX_ALOT_Micro/images/2_c3l8r180.png,11
363,org/openml/www/datasets/44274/TEX_ALOT_Micro/images/20_c1l3.png,17
364,org/openml/www/datasets/44274/TEX_ALOT_Micro/images/31_c4l5.png,5
365,org/openml/www/datasets/44274/TEX_ALOT_Micro/images/169_c1l1r60.png,14
366,org/openml/www/datasets/44274/TEX_ALOT_Micro/images/61_c4l3r180.png,4
367,org/openml/www/datasets/44274/TEX_ALOT_Micro/images/160_c3l1.png,7
368,org/openml/www/datasets/44274/TEX_ALOT_Micro/images/2_c1l2r180.png,11
369,org/openml/www/datasets/44274/TEX_ALOT_Micro/images/9_c2l8r60.png,19
370,org/openml/www/datasets/44274/TEX_ALOT_Micro/images/9_c3l5r60.png,19
371,org/openml/www/datasets/44274/TEX_ALOT_Micro/images/131_c1l2r120.png,10
372,org/openml/www/datasets/44274/TEX_ALOT_Micro/images/146_c1l4r180.png,9
373,org/openml/www/datasets/44274/TEX_ALOT_Micro/images/200_c1l8r60.png,13
374,org/openml/www/datasets/44274/TEX_ALOT_Micro/images/21_c3l2.png,15
375,org/openml/www/datasets/44274/TEX_ALOT_Micro/images/169_c3l2r120.png,14
376,org/openml/www/datasets/44274/TEX_ALOT_Micro/images/20_c2l1r120.png,17
377,org/openml/www/datasets/44274/TEX_ALOT_Micro/images/21_c3l3.png,15
378,org/openml/www/datasets/44274/TEX_ALOT_Micro/images/160_c4l3r180.png,7
379,org/openml/www/datasets/44274/TEX_ALOT_Micro/images/202_c1l8r180.png,16
380,org/openml/www/datasets/44274/TEX_ALOT_Micro/images/2_c2l1r60.png,11
381,org/openml/www/datasets/44274/TEX_ALOT_Micro/images/220_c3l1.png,8
382,org/openml/www/datasets/44274/TEX_ALOT_Micro/images/160_c1l8r60.png,7
383,org/openml/www/datasets/44274/TEX_ALOT_Micro/images/2_c3l5.png,11
384,org/openml/www/datasets/44274/TEX_ALOT_Micro/images/169_c4l1r60.png,14
385,org/openml/www/datasets/44274/TEX_ALOT_Micro/images/215_c1l1r180.png,3
386,org/openml/www/datasets/44274/TEX_ALOT_Micro/images/25_c3l5r180.png,2
387,org/openml/www/datasets/44274/TEX_ALOT_Micro/images/97_c3l2r180.png,0
388,org/openml/www/datasets/44274/TEX_ALOT_Micro/images/9_c3l2r180.png,19
389,org/openml/www/datasets/44274/TEX_ALOT_Micro/images/101_c4l1r60.png,1
390,org/openml/www/datasets/44274/TEX_ALOT_Micro/images/215_c2l2r60.png,3
391,org/openml/www/datasets/44274/TEX_ALOT_Micro/images/131_c2l4r60.png,10
392,org/openml/www/datasets/44274/TEX_ALOT_Micro/images/25_c3l4.png,2
393,org/openml/www/datasets/44274/TEX_ALOT_Micro/images/97_c3l1r60.png,0
394,org/openml/www/datasets/44274/TEX_ALOT_Micro/images/9_c4l3.png,19
395,org/openml/www/datasets/44274/TEX_ALOT_Micro/images/169_c3l5r180.png,14
396,org/openml/www/datasets/44274/TEX_ALOT_Micro/images/108_c4l3r180.png,6
397,org/openml/www/datasets/44274/TEX_ALOT_Micro/images/169_c2l1r60.png,14
398,org/openml/www/datasets/44274/TEX_ALOT_Micro/images/25_c2l2r60.png,2
399,org/openml/www/datasets/44274/TEX_ALOT_Micro/images/131_c1l8r180.png,10
400,org/openml/www/datasets/44274/TEX_ALOT_Micro/images/131_c3l5r60.png,10
401,org/openml/www/datasets/44274/TEX_ALOT_Micro/images/169_c2l8.png,14
402,org/openml/www/datasets/44274/TEX_ALOT_Micro/images/2_c2l1.png,11
403,org/openml/www/datasets/44274/TEX_ALOT_Micro/images/101_c2l1.png,1
404,org/openml/www/datasets/44274/TEX_ALOT_Micro/images/202_c1l1r120.png,16
405,org/openml/www/datasets/44274/TEX_ALOT_Micro/images/9_c4l5r60.png,19
406,org/openml/www/datasets/44274/TEX_ALOT_Micro/images/2_c3l4r180.png,11
407,org/openml/www/datasets/44274/TEX_ALOT_Micro/images/21_c3l4r180.png,15
408,org/openml/www/datasets/44274/TEX_ALOT_Micro/images/20_c3l2r180.png,17
409,org/openml/www/datasets/44274/TEX_ALOT_Micro/images/202_c4l4r180.png,16
410,org/openml/www/datasets/44274/TEX_ALOT_Micro/images/215_c1l4r180.png,3
411,org/openml/www/datasets/44274/TEX_ALOT_Micro/images/61_c1l4.png,4
412,org/openml/www/datasets/44274/TEX_ALOT_Micro/images/160_c4l2r120.png,7
413,org/openml/www/datasets/44274/TEX_ALOT_Micro/images/215_c2l5r120.png,3
414,org/openml/www/datasets/44274/TEX_ALOT_Micro/images/61_c3l8r180.png,4
415,org/openml/www/datasets/44274/TEX_ALOT_Micro/images/25_c2l3r180.png,2
416,org/openml/www/datasets/44274/TEX_ALOT_Micro/images/97_c2l2r60.png,0
417,org/openml/www/datasets/44274/TEX_ALOT_Micro/images/21_c3l5r120.png,15
418,org/openml/www/datasets/44274/TEX_ALOT_Micro/images/202_c1l1.png,16
419,org/openml/www/datasets/44274/TEX_ALOT_Micro/images/61_c2l4r60.png,4
420,org/openml/www/datasets/44274/TEX_ALOT_Micro/images/21_c1l1r120.png,15
421,org/openml/www/datasets/44274/TEX_ALOT_Micro/images/20_c2l2r180.png,17
422,org/openml/www/datasets/44274/TEX_ALOT_Micro/images/101_c4l8.png,1
423,org/openml/www/datasets/44274/TEX_ALOT_Micro/images/202_c4l3r180.png,16
424,org/openml/www/datasets/44274/TEX_ALOT_Micro/images/9_c3l4r180.png,19
425,org/openml/www/datasets/44274/TEX_ALOT_Micro/images/108_c2l1.png,6
426,org/openml/www/datasets/44274/TEX_ALOT_Micro/images/20_c1l5r180.png,17
427,org/openml/www/datasets/44274/TEX_ALOT_Micro/images/2_c3l1.png,11
428,org/openml/www/datasets/44274/TEX_ALOT_Micro/images/97_c4l2.png,0
429,org/openml/www/datasets/44274/TEX_ALOT_Micro/images/9_c3l4r60.png,19
430,org/openml/www/datasets/44274/TEX_ALOT_Micro/images/169_c2l3r120.png,14
431,org/openml/www/datasets/44274/TEX_ALOT_Micro/images/108_c4l3r60.png,6
432,org/openml/www/datasets/44274/TEX_ALOT_Micro/images/101_c1l5r180.png,1
433,org/openml/www/datasets/44274/TEX_ALOT_Micro/images/169_c2l8r120.png,14
434,org/openml/www/datasets/44274/TEX_ALOT_Micro/images/220_c4l1.png,8
435,org/openml/www/datasets/44274/TEX_ALOT_Micro/images/220_c3l3.png,8
436,org/openml/www/datasets/44274/TEX_ALOT_Micro/images/131_c2l4.png,10
437,org/openml/www/datasets/44274/TEX_ALOT_Micro/images/220_c2l2r180.png,8
438,org/openml/www/datasets/44274/TEX_ALOT_Micro/images/200_c2l8.png,13
439,org/openml/www/datasets/44274/TEX_ALOT_Micro/images/146_c1l4r60.png,9
440,org/openml/www/datasets/44274/TEX_ALOT_Micro/images/25_c1l1r180.png,2
441,org/openml/www/datasets/44274/TEX_ALOT_Micro/images/200_c4l8r180.png,13
442,org/openml/www/datasets/44274/TEX_ALOT_Micro/images/2_c2l5r180.png,11
443,org/openml/www/datasets/44274/TEX_ALOT_Micro/images/215_c3l8r120.png,3
444,org/openml/www/datasets/44274/TEX_ALOT_Micro/images/146_c2l4r180.png,9
445,org/openml/www/datasets/44274/TEX_ALOT_Micro/images/200_c4l2.png,13
446,org/openml/www/datasets/44274/TEX_ALOT_Micro/images/97_c1l2r180.png,0
447,org/openml/www/datasets/44274/TEX_ALOT_Micro/images/131_c3l5.png,10
448,org/openml/www/datasets/44274/TEX_ALOT_Micro/images/108_c3l4r180.png,6
449,org/openml/www/datasets/44274/TEX_ALOT_Micro/images/220_c1l3r60.png,8
450,org/openml/www/datasets/44274/TEX_ALOT_Micro/images/200_c3l3r60.png,13
451,org/openml/www/datasets/44274/TEX_ALOT_Micro/images/169_c4l4r180.png,14
452,org/openml/www/datasets/44274/TEX_ALOT_Micro/images/220_c1l8r120.png,8
453,org/openml/www/datasets/44274/TEX_ALOT_Micro/images/110_c3l5r120.png,12
454,org/openml/www/datasets/44274/TEX_ALOT_Micro/images/131_c3l4.png,10
455,org/openml/www/datasets/44274/TEX_ALOT_Micro/images/21_c2l5r60.png,15
456,org/openml/www/datasets/44274/TEX_ALOT_Micro/images/169_c1l1r120.png,14
457,org/openml/www/datasets/44274/TEX_ALOT_Micro/images/215_c1l3r180.png,3
458,org/openml/www/datasets/44274/TEX_ALOT_Micro/images/61_c2l4r180.png,4
459,org/openml/www/datasets/44274/TEX_ALOT_Micro/images/220_c4l4.png,8
460,org/openml/www/datasets/44274/TEX_ALOT_Micro/images/160_c3l3r180.png,7
461,org/openml/www/datasets/44274/TEX_ALOT_Micro/images/9_c4l4r60.png,19
462,org/openml/www/datasets/44274/TEX_ALOT_Micro/images/220_c2l1r180.png,8
463,org/openml/www/datasets/44274/TEX_ALOT_Micro/images/9_c1l3r60.png,19
464,org/openml/www/datasets/44274/TEX_ALOT_Micro/images/25_c3l1r60.png,2
465,org/openml/www/datasets/44274/TEX_ALOT_Micro/images/131_c3l1r180.png,10
466,org/openml/www/datasets/44274/TEX_ALOT_Micro/images/25_c2l4.png,2
467,org/openml/www/datasets/44274/TEX_ALOT_Micro/images/220_c1l8.png,8
468,org/openml/www/datasets/44274/TEX_ALOT_Micro/images/160_c3l2r60.png,7
469,org/openml/www/datasets/44274/TEX_ALOT_Micro/images/108_c3l1.png,6
470,org/openml/www/datasets/44274/TEX_ALOT_Micro/images/25_c3l4r60.png,2
471,org/openml/www/datasets/44274/TEX_ALOT_Micro/images/25_c2i.png,2
472,org/openml/www/datasets/44274/TEX_ALOT_Micro/images/202_c4l5.png,16
473,org/openml/www/datasets/44274/TEX_ALOT_Micro/images/176_c4l1.png,18
474,org/openml/www/datasets/44274/TEX_ALOT_Micro/images/20_c2l4r60.png,17
475,org/openml/www/datasets/44274/TEX_ALOT_Micro/images/21_c2l5r180.png,15
476,org/openml/www/datasets/44274/TEX_ALOT_Micro/images/25_c2l8.png,2
477,org/openml/www/datasets/44274/TEX_ALOT_Micro/images/200_c1l5r120.png,13
478,org/openml/www/datasets/44274/TEX_ALOT_Micro/images/160_c1l1r180.png,7
479,org/openml/www/datasets/44274/TEX_ALOT_Micro/images/160_c4l2r180.png,7
480,org/openml/www/datasets/44274/TEX_ALOT_Micro/images/101_c2l1r180.png,1
481,org/openml/www/datasets/44274/TEX_ALOT_Micro/images/108_c4l2r120.png,6
482,org/openml/www/datasets/44274/TEX_ALOT_Micro/images/146_c1l3r180.png,9
483,org/openml/www/datasets/44274/TEX_ALOT_Micro/images/169_c4l5.png,14
484,org/openml/www/datasets/44274/TEX_ALOT_Micro/images/202_c3l1r60.png,16
485,org/openml/www/datasets/44274/TEX_ALOT_Micro/images/200_c3l1r180.png,13
486,org/openml/www/datasets/44274/TEX_ALOT_Micro/images/21_c1l5r60.png,15
487,org/openml/www/datasets/44274/TEX_ALOT_Micro/images/25_c2l3r60.png,2
488,org/openml/www/datasets/44274/TEX_ALOT_Micro/images/101_c2l5r60.png,1
489,org/openml/www/datasets/44274/TEX_ALOT_Micro/images/20_c1l8r180.png,17
490,org/openml/www/datasets/44274/TEX_ALOT_Micro/images/215_c4l2r180.png,3
491,org/openml/www/datasets/44274/TEX_ALOT_Micro/images/200_c2l8r120.png,13
492,org/openml/www/datasets/44274/TEX_ALOT_Micro/images/146_c2i.png,9
493,org/openml/www/datasets/44274/TEX_ALOT_Micro/images/200_c2l2.png,13
494,org/openml/www/datasets/44274/TEX_ALOT_Micro/images/176_c1l2.png,18
495,org/openml/www/datasets/44274/TEX_ALOT_Micro/images/160_c1l1.png,7
496,org/openml/www/datasets/44274/TEX_ALOT_Micro/images/9_c2l4r60.png,19
497,org/openml/www/datasets/44274/TEX_ALOT_Micro/images/31_c2l1r120.png,5
498,org/openml/www/datasets/44274/TEX_ALOT_Micro/images/169_c2l2r180.png,14
499,org/openml/www/datasets/44274/TEX_ALOT_Micro/images/202_c2l5.png,16
500,org/openml/www/datasets/44274/TEX_ALOT_Micro/images/200_c2l3.png,13
501,org/openml/www/datasets/44274/TEX_ALOT_Micro/images/101_c4l5r60.png,1
502,org/openml/www/datasets/44274/TEX_ALOT_Micro/images/101_c4l5.png,1
503,org/openml/www/datasets/44274/TEX_ALOT_Micro/images/61_c4l1r60.png,4
504,org/openml/www/datasets/44274/TEX_ALOT_Micro/images/31_c3l2r60.png,5
505,org/openml/www/datasets/44274/TEX_ALOT_Micro/images/202_c2l3.png,16
506,org/openml/www/datasets/44274/TEX_ALOT_Micro/images/9_c1l3.png,19
507,org/openml/www/datasets/44274/TEX_ALOT_Micro/images/20_c4l1r180.png,17
508,org/openml/www/datasets/44274/TEX_ALOT_Micro/images/25_c2l5r180.png,2
509,org/openml/www/datasets/44274/TEX_ALOT_Micro/images/25_c3l5r60.png,2
510,org/openml/www/datasets/44274/TEX_ALOT_Micro/images/131_c3l5r180.png,10
511,org/openml/www/datasets/44274/TEX_ALOT_Micro/images/146_c1i.png,9
512,org/openml/www/datasets/44274/TEX_ALOT_Micro/images/20_c3l5.png,17
513,org/openml/www/datasets/44274/TEX_ALOT_Micro/images/21_c3l3r60.png,15
514,org/openml/www/datasets/44274/TEX_ALOT_Micro/images/21_c2l4r60.png,15
515,org/openml/www/datasets/44274/TEX_ALOT_Micro/images/97_c2l4r60.png,0
516,org/openml/www/datasets/44274/TEX_ALOT_Micro/images/131_c4l4r60.png,10
517,org/openml/www/datasets/44274/TEX_ALOT_Micro/images/169_c4l1r120.png,14
518,org/openml/www/datasets/44274/TEX_ALOT_Micro/images/176_c4l3r60.png,18
519,org/openml/www/datasets/44274/TEX_ALOT_Micro/images/108_c4l1r120.png,6
520,org/openml/www/datasets/44274/TEX_ALOT_Micro/images/202_c3l3.png,16
521,org/openml/www/datasets/44274/TEX_ALOT_Micro/images/9_c1l1r180.png,19
522,org/openml/www/datasets/44274/TEX_ALOT_Micro/images/31_c3l2.png,5
523,org/openml/www/datasets/44274/TEX_ALOT_Micro/images/20_c2l8r120.png,17
524,org/openml/www/datasets/44274/TEX_ALOT_Micro/images/61_c3l3r60.png,4
525,org/openml/www/datasets/44274/TEX_ALOT_Micro/images/160_c3l1r180.png,7
526,org/openml/www/datasets/44274/TEX_ALOT_Micro/images/169_c1l4.png,14
527,org/openml/www/datasets/44274/TEX_ALOT_Micro/images/131_c4l8r60.png,10
528,org/openml/www/datasets/44274/TEX_ALOT_Micro/images/31_c4l3r120.png,5
529,org/openml/www/datasets/44274/TEX_ALOT_Micro/images/97_c1l1r60.png,0
530,org/openml/www/datasets/44274/TEX_ALOT_Micro/images/215_c3l8.png,3
531,org/openml/www/datasets/44274/TEX_ALOT_Micro/images/200_c3l8r120.png,13
532,org/openml/www/datasets/44274/TEX_ALOT_Micro/images/9_c4l1r120.png,19
533,org/openml/www/datasets/44274/TEX_ALOT_Micro/images/61_c2l4.png,4
534,org/openml/www/datasets/44274/TEX_ALOT_Micro/images/215_c2l4r60.png,3
535,org/openml/www/datasets/44274/TEX_ALOT_Micro/images/108_c4l4r120.png,6
536,org/openml/www/datasets/44274/TEX_ALOT_Micro/images/110_c4l3r120.png,12
537,org/openml/www/datasets/44274/TEX_ALOT_Micro/images/31_c3l3r60.png,5
538,org/openml/www/datasets/44274/TEX_ALOT_Micro/images/31_c3l8r120.png,5
539,org/openml/www/datasets/44274/TEX_ALOT_Micro/images/215_c2l2r120.png,3
540,org/openml/www/datasets/44274/TEX_ALOT_Micro/images/108_c2l4r180.png,6
541,org/openml/www/datasets/44274/TEX_ALOT_Micro/images/61_c3l1.png,4
542,org/openml/www/datasets/44274/TEX_ALOT_Micro/images/160_c1l2.png,7
543,org/openml/www/datasets/44274/TEX_ALOT_Micro/images/110_c3l3r60.png,12
544,org/openml/www/datasets/44274/TEX_ALOT_Micro/images/215_c4l8r180.png,3
545,org/openml/www/datasets/44274/TEX_ALOT_Micro/images/61_c2l5.png,4
546,org/openml/www/datasets/44274/TEX_ALOT_Micro/images/108_c3l4.png,6
547,org/openml/www/datasets/44274/TEX_ALOT_Micro/images/176_c3l4r60.png,18
548,org/openml/www/datasets/44274/TEX_ALOT_Micro/images/200_c4l8r60.png,13
549,org/openml/www/datasets/44274/TEX_ALOT_Micro/images/146_c2l8r180.png,9
550,org/openml/www/datasets/44274/TEX_ALOT_Micro/images/61_c3l8.png,4
551,org/openml/www/datasets/44274/TEX_ALOT_Micro/images/160_c3l2.png,7
552,org/openml/www/datasets/44274/TEX_ALOT_Micro/images/97_c2l1r120.png,0
553,org/openml/www/datasets/44274/TEX_ALOT_Micro/images/61_c4l4r60.png,4
554,org/openml/www/datasets/44274/TEX_ALOT_Micro/images/97_c4l8r180.png,0
555,org/openml/www/datasets/44274/TEX_ALOT_Micro/images/31_c2l8r120.png,5
556,org/openml/www/datasets/44274/TEX_ALOT_Micro/images/97_c2l8r60.png,0
557,org/openml/www/datasets/44274/TEX_ALOT_Micro/images/200_c3l5r60.png,13
558,org/openml/www/datasets/44274/TEX_ALOT_Micro/images/176_c3l2r180.png,18
559,org/openml/www/datasets/44274/TEX_ALOT_Micro/images/101_c4i.png,1
560,org/openml/www/datasets/44274/TEX_ALOT_Micro/images/61_c3l2r180.png,4
561,org/openml/www/datasets/44274/TEX_ALOT_Micro/images/176_c2l5r60.png,18
562,org/openml/www/datasets/44274/TEX_ALOT_Micro/images/9_c4l3r60.png,19
563,org/openml/www/datasets/44274/TEX_ALOT_Micro/images/215_c1i.png,3
564,org/openml/www/datasets/44274/TEX_ALOT_Micro/images/200_c2l4r180.png,13
565,org/openml/www/datasets/44274/TEX_ALOT_Micro/images/215_c2l8r60.png,3
566,org/openml/www/datasets/44274/TEX_ALOT_Micro/images/20_c3l4.png,17
567,org/openml/www/datasets/44274/TEX_ALOT_Micro/images/110_c3l8r180.png,12
568,org/openml/www/datasets/44274/TEX_ALOT_Micro/images/169_c4l4.png,14
569,org/openml/www/datasets/44274/TEX_ALOT_Micro/images/131_c4l5.png,10
570,org/openml/www/datasets/44274/TEX_ALOT_Micro/images/101_c2l3r120.png,1
571,org/openml/www/datasets/44274/TEX_ALOT_Micro/images/131_c3l3r120.png,10
572,org/openml/www/datasets/44274/TEX_ALOT_Micro/images/101_c2l8r180.png,1
573,org/openml/www/datasets/44274/TEX_ALOT_Micro/images/97_c3l3.png,0
574,org/openml/www/datasets/44274/TEX_ALOT_Micro/images/31_c2l8r60.png,5
575,org/openml/www/datasets/44274/TEX_ALOT_Micro/images/108_c1l2r60.png,6
576,org/openml/www/datasets/44274/TEX_ALOT_Micro/images/169_c1l5r180.png,14
577,org/openml/www/datasets/44274/TEX_ALOT_Micro/images/61_c2l2r60.png,4
578,org/openml/www/datasets/44274/TEX_ALOT_Micro/images/220_c4l5.png,8
579,org/openml/www/datasets/44274/TEX_ALOT_Micro/images/169_c3l1r180.png,14
580,org/openml/www/datasets/44274/TEX_ALOT_Micro/images/97_c4l5r60.png,0
581,org/openml/www/datasets/44274/TEX_ALOT_Micro/images/176_c3i.png,18
582,org/openml/www/datasets/44274/TEX_ALOT_Micro/images/20_c1l8r120.png,17
583,org/openml/www/datasets/44274/TEX_ALOT_Micro/images/146_c3l3r120.png,9
584,org/openml/www/datasets/44274/TEX_ALOT_Micro/images/25_c3l3.png,2
585,org/openml/www/datasets/44274/TEX_ALOT_Micro/images/176_c2l3.png,18
586,org/openml/www/datasets/44274/TEX_ALOT_Micro/images/202_c4l8r120.png,16
587,org/openml/www/datasets/44274/TEX_ALOT_Micro/images/146_c3l4r180.png,9
588,org/openml/www/datasets/44274/TEX_ALOT_Micro/images/97_c2l1.png,0
589,org/openml/www/datasets/44274/TEX_ALOT_Micro/images/220_c4l8r180.png,8
590,org/openml/www/datasets/44274/TEX_ALOT_Micro/images/146_c2l8r60.png,9
591,org/openml/www/datasets/44274/TEX_ALOT_Micro/images/101_c2l8r60.png,1
592,org/openml/www/datasets/44274/TEX_ALOT_Micro/images/25_c2l5r120.png,2
593,org/openml/www/datasets/44274/TEX_ALOT_Micro/images/202_c4l2r60.png,16
594,org/openml/www/datasets/44274/TEX_ALOT_Micro/images/131_c2l8.png,10
595,org/openml/www/datasets/44274/TEX_ALOT_Micro/images/131_c2l5.png,10
596,org/openml/www/datasets/44274/TEX_ALOT_Micro/images/202_c4l2.png,16
597,org/openml/www/datasets/44274/TEX_ALOT_Micro/images/101_c4l5r120.png,1
598,org/openml/www/datasets/44274/TEX_ALOT_Micro/images/97_c4l4r120.png,0
599,org/openml/www/datasets/44274/TEX_ALOT_Micro/images/20_c4l8r180.png,17
600,org/openml/www/datasets/44274/TEX_ALOT_Micro/images/110_c3l2r60.png,12
601,org/openml/www/datasets/44274/TEX_ALOT_Micro/images/215_c4l2r60.png,3
602,org/openml/www/datasets/44274/TEX_ALOT_Micro/images/101_c2l3r180.png,1
603,org/openml/www/datasets/44274/TEX_ALOT_Micro/images/131_c4l2r120.png,10
604,org/openml/www/datasets/44274/TEX_ALOT_Micro/images/146_c4l1.png,9
605,org/openml/www/datasets/44274/TEX_ALOT_Micro/images/200_c3l3r120.png,13
606,org/openml/www/datasets/44274/TEX_ALOT_Micro/images/61_c4l8r120.png,4
607,org/openml/www/datasets/44274/TEX_ALOT_Micro/images/108_c2l3r60.png,6
608,org/openml/www/datasets/44274/TEX_ALOT_Micro/images/200_c1l8.png,13
609,org/openml/www/datasets/44274/TEX_ALOT_Micro/images/176_c3l5r60.png,18
610,org/openml/www/datasets/44274/TEX_ALOT_Micro/images/31_c2l2.png,5
611,org/openml/www/datasets/44274/TEX_ALOT_Micro/images/220_c1l4r60.png,8
612,org/openml/www/datasets/44274/TEX_ALOT_Micro/images/2_c2l4r60.png,11
613,org/openml/www/datasets/44274/TEX_ALOT_Micro/images/202_c2l5r180.png,16
614,org/openml/www/datasets/44274/TEX_ALOT_Micro/images/20_c3l3.png,17
615,org/openml/www/datasets/44274/TEX_ALOT_Micro/images/20_c1l5.png,17
616,org/openml/www/datasets/44274/TEX_ALOT_Micro/images/160_c1l5.png,7
617,org/openml/www/datasets/44274/TEX_ALOT_Micro/images/2_c4l2r120.png,11
618,org/openml/www/datasets/44274/TEX_ALOT_Micro/images/200_c4l3.png,13
619,org/openml/www/datasets/44274/TEX_ALOT_Micro/images/146_c2l5.png,9
620,org/openml/www/datasets/44274/TEX_ALOT_Micro/images/169_c3l3r180.png,14
621,org/openml/www/datasets/44274/TEX_ALOT_Micro/images/20_c2l3r120.png,17
622,org/openml/www/datasets/44274/TEX_ALOT_Micro/images/101_c4l1.png,1
623,org/openml/www/datasets/44274/TEX_ALOT_Micro/images/202_c1l1r60.png,16
624,org/openml/www/datasets/44274/TEX_ALOT_Micro/images/176_c2l2r120.png,18
625,org/openml/www/datasets/44274/TEX_ALOT_Micro/images/160_c4l1r180.png,7
626,org/openml/www/datasets/44274/TEX_ALOT_Micro/images/220_c3l4.png,8
627,org/openml/www/datasets/44274/TEX_ALOT_Micro/images/21_c4l4r60.png,15
628,org/openml/www/datasets/44274/TEX_ALOT_Micro/images/200_c1l4r60.png,13
629,org/openml/www/datasets/44274/TEX_ALOT_Micro/images/108_c2l2r60.png,6
630,org/openml/www/datasets/44274/TEX_ALOT_Micro/images/131_c1i.png,10
631,org/openml/www/datasets/44274/TEX_ALOT_Micro/images/61_c1l2r120.png,4
632,org/openml/www/datasets/44274/TEX_ALOT_Micro/images/131_c4l3r60.png,10
633,org/openml/www/datasets/44274/TEX_ALOT_Micro/images/61_c3l2r120.png,4
634,org/openml/www/datasets/44274/TEX_ALOT_Micro/images/21_c4l5.png,15
635,org/openml/www/datasets/44274/TEX_ALOT_Micro/images/131_c1l3.png,10
636,org/openml/www/datasets/44274/TEX_ALOT_Micro/images/101_c1l4r180.png,1
637,org/openml/www/datasets/44274/TEX_ALOT_Micro/images/101_c1l1r120.png,1
638,org/openml/www/datasets/44274/TEX_ALOT_Micro/images/97_c4l3r60.png,0
639,org/openml/www/datasets/44274/TEX_ALOT_Micro/images/61_c3l3.png,4
